{"keyset":{"lweSecretKeys":[{"id":0,"params":{"lweDimension":1553,"integerPrecision":64,"keyType":"binary"}}],"lweBootstrapKeys":[],"lweKeyswitchKeys":[],"packingKeyswitchKeys":[]},"circuits":[{"inputs":[{"rawInfo":{"shape":{"dimensions":[1,377,3]},"integerPrecision":64,"isSigned":false},"typeInfo":{"lweCiphertext":{"abstractShape":{"dimensions":[1,377]},"concreteShape":{"dimensions":[1,377,3]},"integerPrecision":64,"encryption":{"keyId":0,"variance":3.8424174075489049e-23,"lweDimension":1553,"modulus":{"modulus":{"native":{}}}},"compression":"seed","encoding":{"integer":{"width":22,"isSigned":true,"mode":{"native":{}}}}}}}],"outputs":[{"rawInfo":{"shape":{"dimensions":[1,766,1554]},"integerPrecision":64,"isSigned":false},"typeInfo":{"lweCiphertext":{"abstractShape":{"dimensions":[1,766]},"concreteShape":{"dimensions":[1,766,1554]},"integerPrecision":64,"encryption":{"keyId":0,"variance":3.8424174075489049e-23,"lweDimension":1553,"modulus":{"modulus":{"native":{}}}},"compression":"none","encoding":{"integer":{"width":22,"isSigned":true,"mode":{"native":{}}}}}}}],"name":"inference_to_compile"}]}