{"keyset":{"lweSecretKeys":[{"id":0,"params":{"lweDimension":1568,"integerPrecision":64,"keyType":"binary"}}],"lweBootstrapKeys":[],"lweKeyswitchKeys":[],"packingKeyswitchKeys":[]},"circuits":[{"inputs":[{"rawInfo":{"shape":{"dimensions":[1,377,3]},"integerPrecision":64,"isSigned":false},"typeInfo":{"lweCiphertext":{"abstractShape":{"dimensions":[1,377]},"concreteShape":{"dimensions":[1,377,3]},"integerPrecision":64,"encryption":{"keyId":0,"variance":2.2518502471256935e-23,"lweDimension":1568,"modulus":{"modulus":{"native":{}}}},"compression":"seed","encoding":{"integer":{"width":22,"isSigned":true,"mode":{"native":{}}}}}}}],"outputs":[{"rawInfo":{"shape":{"dimensions":[1,773,1569]},"integerPrecision":64,"isSigned":false},"typeInfo":{"lweCiphertext":{"abstractShape":{"dimensions":[1,773]},"concreteShape":{"dimensions":[1,773,1569]},"integerPrecision":64,"encryption":{"keyId":0,"variance":2.2518502471256935e-23,"lweDimension":1568,"modulus":{"modulus":{"native":{}}}},"compression":"none","encoding":{"integer":{"width":22,"isSigned":true,"mode":{"native":{}}}}}}}],"name":"inference_to_compile"}]}